﻿{
  "Waves": {
    "Wave1": {
      "Loop": {
        "1": [
          {
            "Character": "Alice",
            "Message": "..."
          },
          {
            "Character": "Alice",
            "Message": "\"Onde estou?\""
          },
          {
            "Character": "Alice",
            "Message": "\"Essa cidade que não conheço, esses prédios, nada me é familiar\""
          },
          {
            "Character": "Alice",
            "Message": "\"Veículos armados estão por toda parte, se aproximando a cada fração de segundo\""
          },
          {
            "Character": "Alice",
            "Message": "Eu respiro fundo, uma gota de suor cai de minha testa"
          },
          {
            "Character": "Alice",
            "Message": "Percebo a espada embainhada em minha cintura"
          },
          {
            "Character": "Alice",
            "Message": "Minhas mãos tremem, mas consigo sacar a espada"
          },
          {
            "Character": "Alice",
            "Message": "\"Não me resta outra opção...\""
          },
          {
            "Character": "Alice",
            "Message": "\"Se não lutar\""
          }
        ],
        "2": [
          {
            "Character": "Aries",
            "Message": "\"És tola, pensas que manterá sua vida após invadir meu território?\""
          },
          {
            "Character": "Aries",
            "Message": "\"Mera escória dentre as bruxas, não és mais que isso\""
          },
          {
            "Character": "Alice",
            "Message": "\"Não consigo entender o significado de nada disso!\""
          },
          {
            "Character": "Alice",
            "Message": "\"Quando me dei conta já estava nessa cidade, você sabe o que aconteceu?\""
          },
          {
            "Character": "Aries",
            "Message": "\"Vejo que teves suas memórias roubadas não é mesmo? Uma pena\""
          },
          {
            "Character": "Aries",
            "Message": "\"Porém sua vida, após tanto tempo, terminará hoje\""
          },
          {
            "Character": "Aries",
            "Message": "\"Meus poderes de batalha não são dos melhores, mas posso garantir que sua morte é certa\""
          },
          {
            "Character": "Aries",
            "Message": "\"Não deixarei você tomar tudo aquilo que construí, tudo aquilo pelo que lutei\""
          },
          {
            "Character": "Alice",
            "Message": "\"Espera...\""
          },
          {
            "Character": "Alice",
            "Message": "Aries emite uma luz de suas mãos, eu imediatamente fecho os olhos"
          },
          {
            "Character": "Alice",
            "Message": "Meu mundo desaparece, o ar, os barulhos, os perigos..."
          },
          {
            "Character": "Alice",
            "Message": "A única coisa que sobra é a risada histérica de Aries"
          },
          {
            "Character": "Alice",
            "Message": "A risada era mesmo de Aries?"
          },
          {
            "Character": "Alice",
            "Message": "Eu sinto que meu corpo já não existe",
            "Color": [
              0,
              0,
              0
            ]
          },
          {
            "Character": "Alice",
            "Message": "Numa noite onde a chuva fria cai em meu rosto, se misturando com minhas lágrimas",
            "Color": [
              0,
              0,
              0
            ]
          },
          {
            "Character": "Alice",
            "Message": "Sinto um aroma nostálgico de flores",
            "Color": [
              0,
              0,
              0
            ]
          },
          {
            "Character": "Alice",
            "Message": "O vento forte bagunça meus cabelos",
            "Color": [
              0,
              0,
              0
            ]
          },
          {
            "Character": "Alice",
            "Message": "Então eu escuto uma voz masculina, que deve pertencer a alguém mais velho",
            "Color": [
              0,
              0,
              0
            ]
          },
          {
            "Character": "Alice",
            "Message": "\"#%$*#... Preciso que me entenda\"",
            "Color": [
              0,
              0,
              0
            ]
          },
          {
            "Character": "Alice",
            "Message": "\"Já não consigo mais te proteger\"",
            "Color": [
              0,
              0,
              0
            ]
          },
          {
            "Character": "Alice",
            "Message": "\"Esse reino, Lumis... Fuja dele\"",
            "Color": [
              0,
              0,
              0
            ]
          },
          {
            "Character": "Alice",
            "Message": "\"Nós somos apenas capachos, ferramentas da familia real\"",
            "Color": [
              0,
              0,
              0
            ]
          },
          {
            "Character": "Alice",
            "Message": "\"Nos deixe de lado e cumpra seus objetivos\"",
            "Color": [
              0,
              0,
              0
            ]
          },
          {
            "Character": "Alice",
            "Message": "\"Seja a luz que nos guiará ao futuro distante, em segurança\"",
            "Color": [
              0,
              0,
              0
            ]
          },
          {
            "Character": "Alice",
            "Message": "Percebo que recobrei minha consciência, e sinto uma forte dor de cabeça",
            "Color": [
              255,
              255,
              255
            ]
          },
          {
            "Character": "Alice",
            "Message": "Então eu abro meus olhos novamente",
            "Color": [
              255,
              255,
              255
            ]
          },
          {
            "Character": "Alice",
            "Message": "\"O quê aconteceu?\""
          },
          {
            "Character": "Alice",
            "Message": "\"Isso foi um sonho?\""
          },
          {
            "Character": "Alice",
            "Message": "Minha fadiga desapareceu completamente, me sinto renovada"
          },
          {
            "Character": "Alice",
            "Message": "As batalhas até agora, aconteceram mesmo? Ou será que é uma previsão?"
          },
          {
            "Character": "Alice",
            "Message": "Isso já não importa, tenho que seguir em frente"
          },
          {
            "Character": "Alice",
            "Message": "Eu hesito por alguns segundos, então empunho minha espada e sigo meu caminho"
          },
          {
            "Character": "Alice",
            "Message": "\"Parando para pensar... Não consigo observar a lua nesse lugar\""
          }
        ],
        "3": [
          {
            "Character": "Aries",
            "Message": "\"És mais forte do que eu esperava...\""
          },
          {
            "Character": "Aries",
            "Message": "\"Mas afinal, qual é sua habilidade de bruxa?\""
          },
          {
            "Character": "Alice",
            "Message": "\"Habilidade?\""
          },
          {
            "Character": "Alice",
            "Message": "Tipo minhas habilidades com a espada? Ou para destruir projéteis?"
          },
          {
            "Character": "Alice",
            "Message": "Sinto que é algo a mais..."
          },
          {
            "Character": "Aries",
            "Message": "\"He he, esquecestes de seu próprio motivo de existência?\""
          },
          {
            "Character": "Aries",
            "Message": "\"Agora sei porque a chamam de Bruxa Caída\""
          },
          {
            "Character": "Aries",
            "Message": "\"Pois, então não me derrotarás, não a Bruxa da Certeza\""
          },
          {
            "Character": "Aries",
            "Message": "\"Apenas desista\""
          },
          {
            "Character": "Alice",
            "Message": "Aries estala seus dedos, e uma luz cobre toda minha visão"
          },
          {
            "Character": "Alice",
            "Message": "Eu cerro meus punhos com toda minha força e mordo meus lábios"
          },
          {
            "Character": "Alice",
            "Message": "Dessa vez não fecho meus olhos"
          },
          {
            "Character": "Alice",
            "Message": "Eu perco minha visão, meu corpo, meus sentidos..."
          },
          {
            "Character": "Alice",
            "Message": "O que se mantém é minha raiva"
          },
          {
            "Character": "Alice",
            "Message": "\"Tenho que matar essa bruxa\""
          },
          {
            "Character": "Alice",
            "Message": "Após me tornar uma bruxa...",
            "Color": [
              0,
              0,
              0
            ]
          },
          {
            "Character": "Alice",
            "Message": "...100 anos de solidão",
            "Color": [
              0,
              0,
              0
            ]
          },
          {
            "Character": "Alice",
            "Message": "Desde que me conheço como #%$*#, sempre tive sentimentos como qualquer outra pessoa",
            "Color": [
              0,
              0,
              0
            ]
          },
          {
            "Character": "Alice",
            "Message": "Desde que me conheço como #%$*#, sempre tive vontades como qualquer outra pessoa",
            "Color": [
              0,
              0,
              0
            ]
          },
          {
            "Character": "Alice",
            "Message": "Desde que me conheço como #%$*#, sempre tive inseguranças como qualquer outra pessoa",
            "Color": [
              0,
              0,
              0
            ]
          },
          {
            "Character": "Alice",
            "Message": "Desde que me conheço como #%$*#, sempre tive medos como qualquer outra pessoa",
            "Color": [
              0,
              0,
              0
            ]
          },
          {
            "Character": "Alice",
            "Message": "Desde que me conheço como #%$*#, sempre tive orgulho como qualquer outra pessoa",
            "Color": [
              0,
              0,
              0
            ]
          },
          {
            "Character": "Alice",
            "Message": "Desde que me conheço como #%$*#, sempre tive objetivos como qualquer outra pessoa",
            "Color": [
              0,
              0,
              0
            ]
          },
          {
            "Character": "Alice",
            "Message": "Em algum momento tudo se perdeu, eu era uma ameaça à vontade da maioria",
            "Color": [
              0,
              0,
              0
            ]
          },
          {
            "Character": "Alice",
            "Message": "Meus dons se tornaram um estorvo, eu era apenas uma ferramenta",
            "Color": [
              0,
              0,
              0
            ]
          },
          {
            "Character": "Alice",
            "Message": "Então eu escolhi ser independente",
            "Color": [
              0,
              0,
              0
            ]
          },
          {
            "Character": "Alice",
            "Message": "Eu corri, corri, corri",
            "Color": [
              0,
              0,
              0
            ]
          },
          {
            "Character": "Alice",
            "Message": "Eu corri, corri, corri",
            "Color": [
              0,
              0,
              0
            ]
          },
          {
            "Character": "Alice",
            "Message": "Eu corri, corri, corri",
            "Color": [
              0,
              0,
              0
            ]
          },
          {
            "Character": "Alice",
            "Message": "Joguei fora todos com quem eu tinha laços, para cumprir meus objetivos",
            "Color": [
              0,
              0,
              0
            ]
          },
          {
            "Character": "Alice",
            "Message": "Para trazer uma vida melhor às pessoas que viveram como eu, eu treinei e treinei",
            "Color": [
              0,
              0,
              0
            ]
          },
          {
            "Character": "Alice",
            "Message": "No fim eu consegui a convicção para conquistar aquilo que eu sempre quis",
            "Color": [
              0,
              0,
              0
            ]
          },
          {
            "Character": "Alice",
            "Message": "Eu dei um motivo de viver aos mais pobres do reino de Lumis",
            "Color": [
              0,
              0,
              0
            ]
          },
          {
            "Character": "Alice",
            "Message": "Eu lutei pela liberdade e pelo fim da tirania",
            "Color": [
              0,
              0,
              0
            ]
          },
          {
            "Character": "Alice",
            "Message": "Eu conquistei uma realidade justa para aqueles que precisavam",
            "Color": [
              0,
              0,
              0
            ]
          },
          {
            "Character": "Alice",
            "Message": "Mas agora... Essa garota quer tomar tudo de mim",
            "Color": [
              0,
              0,
              0
            ]
          },
          {
            "Character": "Alice",
            "Message": "Não deixarei",
            "Color": [
              0,
              0,
              0
            ]
          },
          {
            "Character": "Alice",
            "Message": "Uma lágrima escorre de meus olhos",
            "Color": [
              255,
              255,
              255
            ]
          },
          {
            "Character": "Alice",
            "Message": "Minha sanidade já se esvaiu",
            "Color": [
              255,
              255,
              255
            ]
          },
          {
            "Character": "Alice",
            "Message": "Mas enquanto eu tiver minha espada",
            "Color": [
              255,
              255,
              255
            ]
          },
          {
            "Character": "Alice",
            "Message": "Enquanto eu tiver inimigos",
            "Color": [
              255,
              255,
              255
            ]
          },
          {
            "Character": "Alice",
            "Message": "Minha vida continuará simples",
            "Color": [
              255,
              255,
              255
            ]
          },
          {
            "Character": "Alice",
            "Message": "Eu respiro fundo, esse ar que já me dá náuseas"
          },
          {
            "Character": "Alice",
            "Message": "Antes de perceber já peguei minha espada e segui em frente com toda minha velocidade"
          },
          {
            "Character": "Alice",
            "Message": "\"Vou destruir vocês, já não tenho escolha\""
          },
          {
            "Character": "Alice",
            "Message": "Destruir..."
          }
        ],
        "4": [
          {
            "Character": "Aries",
            "Message": "\"É inútil\""
          },
          {
            "Character": "Alice",
            "Message": "Aries se prepara para estalar seus dedos e ativar sua habilidade"
          },
          {
            "Character": "Alice",
            "Message": "Porém Alice é mais rápida"
          },
          {
            "Character": "Alice",
            "Message": "Um corte limpo seguido pelo barulho do vento sendo cortado"
          },
          {
            "Character": "Alice",
            "Message": "As mãos de Aries voam, longe de seus braços"
          },
          {
            "Character": "Aries",
            "Message": "\"Apenas isso não vai me parar!\""
          },
          {
            "Character": "Alice",
            "Message": "Aries se prepara para ativar sua habilidade sem as mãos"
          },
          {
            "Character": "Alice",
            "Message": "\"Acabou nossa batalha\""
          },
          {
            "Character": "Alice",
            "Message": "Alice estala os dedos"
          },
          {
            "Character": "Alice",
            "Message": "Nesse momento, o mundo perde a cor",
            "Color": [
              0,
              0,
              0
            ]
          },
          {
            "Character": "Alice",
            "Message": "Aries não se move",
            "Color": [
              0,
              0,
              0
            ]
          },
          {
            "Character": "Alice",
            "Message": "As pessoas não se movem",
            "Color": [
              0,
              0,
              0
            ]
          },
          {
            "Character": "Alice",
            "Message": "Tudo que sobra é a risada histérica de Alice",
            "Color": [
              0,
              0,
              0
            ]
          },
          {
            "Character": "Alice",
            "Message": "Apenas Alice se move",
            "Color": [
              0,
              0,
              0
            ]
          },
          {
            "Character": "Alice",
            "Message": "Alice pega a espada com as duas mãos e se aproxima de Aries lentamente",
            "Color": [
              0,
              0,
              0
            ]
          },
          {
            "Character": "Alice",
            "Message": "O tempo flui apenas para a Bruxa Caída",
            "Color": [
              0,
              0,
              0
            ]
          },
          {
            "Character": "Alice",
            "Message": "Então Aries é cortada ao meio, num movimento belo na diagonal",
            "Color": [
              0,
              0,
              0
            ]
          },
          {
            "Character": "Alice",
            "Message": "\"Finalmente tomei tudo que você tinha\"",
            "Color": [
              0,
              0,
              0
            ]
          },
          {
            "Character": "Alice",
            "Message": "\"Suas memórias, suas emoções, e agora suas habilidades\"",
            "Color": [
              0,
              0,
              0
            ]
          },
          {
            "Character": "Alice",
            "Message": "\"Eu não tinha escolha\"",
            "Color": [
              0,
              0,
              0
            ]
          },
          {
            "Character": "Alice",
            "Message": "\"Afinal, eu nasci vazia\"",
            "Color": [
              0,
              0,
              0
            ]
          },
          {
            "Character": "Alice",
            "Message": "\"Descanse em paz, #%$*#\"",
            "Color": [
              0,
              0,
              0
            ]
          },
          {
            "Character": "Alice",
            "Message": "[FIM DO JOGO]",
            "Color": [
              0,
              0,
              0
            ]
          }
        ]
      }
    },
    "Wave12": {
      "Loop": {
        "1": [
          {
            "Character": "Alice",
            "Message": "\"A quanto tempo estou lutando?\""
          },
          {
            "Character": "Alice",
            "Message": "Meus braços já não conseguem segurar a espada como antes"
          },
          {
            "Character": "Alice",
            "Message": "\"Que tipo de pessoa que eu era antes disso tudo?\""
          },
          {
            "Character": "Alice",
            "Message": "\"Que tipo de vida eu levava?\""
          },
          {
            "Character": "Alice",
            "Message": "\"Será que devo continuar lutando? Ou será que posso desistir aqui?\""
          },
          {
            "Character": "Alice",
            "Message": "Calafrios tomam conta de meu corpo"
          },
          {
            "Character": "Alice",
            "Message": "\"Consigo sentir algo em frente\""
          },
          {
            "Character": "Alice",
            "Message": "Antes de preparar minha espada, uma garota se aproxima de mim antes que eu perceba"
          },
          {
            "Character": "Alice",
            "Message": "Meus instintos de sobrevivência tomam conta de meu corpo e minha espada"
          }
        ],
        "2": [
          {
            "Character": "Alice",
            "Message": "\"Vim para pegar o que é meu, devolva minhas memórias!\""
          },
          {
            "Character": "Aries",
            "Message": "\"Há, não sei do que falas\""
          },
          {
            "Character": "Aries",
            "Message": "\"Mas como ousas pisar em meu reino para causar problemas!\""
          },
          {
            "Character": "Aries",
            "Message": "\"Tirarei sua vida com minhas próprias mãos, bruxa fracassada\""
          }
        ],
        "3": [
          {
            "Character": "Alice",
            "Message": "\"Apareça, rainha imunda! Vim tomar tudo que é seu\""
          },
          {
            "Character": "Aries",
            "Message": "\"Bruxa caída, não achas que tem alguma chance aqui, certo?\""
          },
          {
            "Character": "Aries",
            "Message": "\"Mas vejo que és boa em combate, conseguiu meu respeito\""
          },
          {
            "Character": "Alice",
            "Message": "\"Alice, prazer em lhe conhecer\""
          },
          {
            "Character": "Aries",
            "Message": "\"Sou Aries, a rainha do reino de Lumis\""
          },
          {
            "Character": "Aries",
            "Message": "\"Sou a Bruxa da Certeza, aquela que cumpre qualquer objetivo com 100% de chance\""
          },
          {
            "Character": "Aries",
            "Message": "\"Isso pois, o mundo, o espaço, e o tempo se moldam para concretizar meus desejos\""
          },
          {
            "Character": "Aries",
            "Message": "\"Enquanto você, Alice, és apenas um peão nesse nosso jogo de xadrez\""
          },
          {
            "Character": "Aries",
            "Message": "\"Sim, existe uma vontade divina nos observando, algo acima de nosso jogo de xadrez\""
          },
          {
            "Character": "Aries",
            "Message": "\"E essa vontade divina batalha ao meu favor\""
          },
          {
            "Character": "Aries",
            "Message": "\"Então não importa o que você faça\""
          },
          {
            "Character": "Aries",
            "Message": "\"Eu não perderei\""
          },
          {
            "Character": "Alice",
            "Message": "\"Bruxa! Sua convicção exagerada já dominou seu raciocínio\""
          },
          {
            "Character": "Alice",
            "Message": "\"Portanto, minha lâmina cortará sua convicção!\""
          },
          {
            "Character": "Alice",
            "Message": "\"Você já perdeu a noção do mundo real, foi o preço que pagou por essas desilusões de grandiosidade\""
          },
          {
            "Character": "Alice",
            "Message": "\"Portanto, minha lâmina cortará suas desilusões!!\""
          },
          {
            "Character": "Alice",
            "Message": "\"Seu desespero e seu medo dominaram o tempo desse mundo\""
          },
          {
            "Character": "Alice",
            "Message": "\"Portanto, minha lâmina cortará o tempo!!!\""
          }
        ]
      }
    }
  }
}